,Feature,Feature_no,Importance
0,balance,3.0,0.08469916739158193
1,trans_age,5.0,0.08334616498780667
2,loan_amount,1.0,0.060426085955891815
3,duration,33.0,0.053226924104278706
4,payments,45.0,0.04968078336761268
5,no. of inhabitants_x,32.0,0.04703964390033612
6,no_of_municipalities_inhabitants < 499_x,52.0,0.0432852797349292
7,no. of municipalities with inhabitants 500-1999_x,46.0,0.04043053613373574
8,no. of municipalities with inhabitants 2000-9999_x,35.0,0.039403028516731595
9,no. of municipalities with inhabitants >10000_x,4.0,0.02229915322792477
