,Feature,Feature_no,Importance
0,duration,39.0,0.10563355560331655
1,payments,35.0,0.08639747923255658
2,no. of inhabitants_x,2.0,0.06920483345675646
3,no_of_municipalities_inhabitants < 499_x,30.0,0.0539590325817923
4,no. of municipalities with inhabitants 500-1999_x,0.0,0.05082828019099518
5,no. of municipalities with inhabitants 2000-9999_x,37.0,0.04027299709651745
6,no. of municipalities with inhabitants >10000_x,44.0,0.03932538216043624
7,no. of cities_x,32.0,0.038815793508804194
8,ratio of urban inhabitants_x,49.0,0.03671841256348633
9,average salary_x,31.0,0.03378473869221652
